<?xml version="1.0" encoding="UTF-8"?>
<!DOCTYPE ejb-jar PUBLIC "-//Sun Microsystems, Inc.//DTD Enterprise JavaBeans 2.0//EN" "http://java.sun.com/dtd/ejb-jar_2_0.dtd">

   <ejb-jar id="ejb-jar_ID">
      <description>Purchase Order CMP 2.0 EJB</description>
      <display-name>Purchase Order CMP 2.0 EJB</display-name>
      <enterprise-beans>
         <entity id="ContainerManagedEntity_1">
            <description>Purchase Order CMP 2.0 EJB</description>
            <display-name>Purchase Order CMP 2.0 EJB</display-name>
            <ejb-name>PurchaseOrder2_0</ejb-name>
            <local-home>book.sample.dao.db.ejb.po.PurchaseOrderHome</local-home>
            <local>book.sample.dao.db.ejb.po.PurchaseOrder</local>
            <ejb-class>book.sample.dao.db.ejb.po.PurchaseOrderBean</ejb-class>
            <persistence-type>Container</persistence-type>
            <prim-key-class>book.sample.dao.db.ejb.po.PurchaseOrderPK</prim-key-class>
            <reentrant>False</reentrant>
            <cmp-version>2.x</cmp-version>
            <abstract-schema-name>purchase_order</abstract-schema-name>
            <cmp-field id="CMPAttribute_1">
               <field-name>ORDER_NBR</field-name>
            </cmp-field>
            <cmp-field id="CMPAttribute_2">
               <field-name>CUSTOMER_ID</field-name>
            </cmp-field>
            <cmp-field id="CMPAttribute_3">
               <field-name>DATE_SHIPPED</field-name>
            </cmp-field>
            <cmp-field id="CMPAttribute_4">
               <field-name>DATE_CREATED</field-name>
            </cmp-field>
            <query id="Query_1">
               <query-method id="QueryMethod_1">
                  <method-name>findByCustomerId</method-name>
                  <method-params>
                     <method-param>java.lang.String</method-param>
                  </method-params>
               </query-method>
               <ejb-ql>SELECT OBJECT(m) FROM purchase_order m WHERE m.customer_id = ?1</ejb-ql>
            </query>
         </entity>
      </enterprise-beans>
      <assembly-descriptor id="AssemblyDescriptor_1">
         <method-permission id="MethodPermission_1">
            <description>Generated unchecked method permission</description>
            <unchecked></unchecked>
            <method id="MethodElement_1">
               <description>Generated method element for all methods</description>
               <ejb-name>PurchaseOrder2_0</ejb-name>
               <method-name>*</method-name>
            </method>
         </method-permission>
      </assembly-descriptor>
   </ejb-jar>
