<?xml version="1.0"?>
<!DOCTYPE hibernate-mapping PUBLIC
   "-//Hibernate/Hibernate Mapping DTD//EN"
   "http://hibernate.sourceforge.net/hibernate-mapping-2.0.dtd">

<hibernate-mapping>
    <class name="book.sample.vo.OrderedItemVO" table="PURCHASE_ORDER_LN">
        <composite-id>
          <key-property name="orderNbr" column="ORDER_NBR" />
          <key-property name="lineNbr" column="LINE_NBR" />
		</composite-id>
        <property name="itemId" column="ITEM_ID" />
        <property name="pricePerUnit" column="PRICE" />
        <property name="quantityOrdered" column="QTY_ORDERED" />
    </class>

</hibernate-mapping>
<!-- parsed in 0ms -->