<?xml version="1.0"?>
<!DOCTYPE hibernate-mapping PUBLIC
   "-//Hibernate/Hibernate Mapping DTD//EN"
   "http://hibernate.sourceforge.net/hibernate-mapping-2.0.dtd">

<hibernate-mapping>
    <class name="book.sample.vo.PurchaseOrderVO" table="purchase_order">
        <id name="orderNbr" column="ORDER_NBR" unsaved-value="0" >
          <generator class="hilo">
             <param name="table">purchase_order_nbr</param>
             <param name="column">next_value</param>
             <param name="max_lo">100</param>             
          </generator>
        </id>
        <property name="customerId" column="CUSTOMER_ID" />
        <property name="orderDate" column="DATE_CREATED" />
        <property name="shipDate" column="DATE_SHIPPED" />
    </class>
</hibernate-mapping>
