<?xml version="1.0" encoding="UTF-8"?>
<!-- edited with XML Spy v3.0.7 NT (http://www.xmlspy.com) by Derek Ashmore (private) -->
<!DOCTYPE customer-order-list SYSTEM "H:\BusinessFiles\Projects\TechnicalArchitectHandbook\Inserts\Chap4CustomerExample.dtd">
<customer-order-list>
	<customer-order order-id="1111" customer-id="CUST1" account="ACCT1" date-created="2003-06-11" date-shipped="2003-06-16">
		<order-line product-id="1" order-quantity="25" order-price="37.50"/>
		<order-line product-id="6" order-quantity="51" order-price="42.35"/>
	</customer-order>
	<customer-order order-id="1112" customer-id="CUST1" account="ACCT1" date-created="2003-06-06" date-shipped="2003-06-08">
		<order-line product-id="14" order-quantity="2" order-price="105.95"/>
		<order-line product-id="18" order-quantity="3" order-price="83.11"/>
	</customer-order>
	<customer-order order-id="1113" customer-id="CUST1" account="ACCT1" date-created="2003-06-07" date-shipped="2003-06-10">
		<order-line product-id="23" order-quantity="10" order-price="12.75"/>
		<order-line product-id="42" order-quantity="1500" order-price="5.63"/>
	</customer-order>
</customer-order-list>
